,reactions,size,DM_C80aPHA,biomass,fva_min,fva_max
0,"{'ACONTa', 'TPI', 'ICDHyr', 'GLYCTO1', 'TKT2'}",5,0.0124358012951154,0.2937153539234732,0.0,0.0333566606732401
1,"{'GART', 'FDH', 'HACD22i', 'ILEDHr', 'GLXCL'}",5,1.7472691009963892,0.041780469358059236,0.0,1.89
2,"{'TPI', 'ICDHyr', 'GLYCTO1', 'CS', 'TKT2'}",5,0.012435801294888693,0.2937153539235053,0.0,0.03335666067324687
3,"{'TPI', 'ICDHyr', 'GLYCTO1', 'ACONTb', 'TKT2'}",5,0.012435801295026624,0.2937153539234873,0.0,0.033356660673255045
4,"{'ADPT', 'ACONTb', 'CSPMDDC', 'PGI', 'PGM'}",5,6.568676021434516e-05,0.35596023848563574,0.0,0.026799999999988874
5,"{'ADPT', 'FDH', 'NTD4', 'ACONTb', 'PGM'}",5,6.568675981204197e-05,0.3559602384856886,0.0,0.026799999999992746
6,"{'THRS', 'CSND', 'CSPMDDC', 'NTD2', 'ACOAD6f'}",5,1.2999786898775523,0.17374104168986418,0.0,2.2616564417177925
